Politician,Issuer,Ticker,Trade Type,Published Date,Trade Date,Filed After (Days),Owner,Price,Trade Size
Doris Matsui,US TREASURY NOTE,N/A,buy,2024-09-10,2024-09-03,6,Spouse,,500K-1M
Lloyd Doggett,The Procter & Gamble Co,PG,buy,2024-09-10,2024-08-15,25,Undisclosed,167.92,1K-15K
Marjorie Taylor Greene,US TREASURY BILLS,N/A,buy,2024-09-10,2024-09-06,3,Undisclosed,,100K-250K
Ro Khanna,UBS Group AG,UBS,buy,2024-09-09,2024-08-15,22,Child,,100K-250K
Ro Khanna,Unitedhealth Group Inc,UNH,buy,2024-09-09,2024-08-02,35,Child,589.83,15K-50K
Ro Khanna,MORGAN STANLEY FINANCE LLC,N/A,buy,2024-09-09,2024-08-30,7,Child,,1K-15K
Ro Khanna,Berkshire Hathaway Inc,BRK/B,buy,2024-09-09,2024-08-07,30,Child,427.02,1K-15K
Ro Khanna,American Tower Corp,AMT,buy,2024-09-09,2024-08-02,35,Child,234.64,1K-15K
Ro Khanna,Apple Inc,AAPL,buy,2024-09-09,2024-08-02,35,Child,219.86,1K-15K
Ro Khanna,United Parcel Service Inc,UPS,buy,2024-09-09,2024-08-02,35,Child,128.06,1K-15K
Ro Khanna,Waste Management Inc,WM,buy,2024-09-09,2024-08-14,23,Child,206.35,1K-15K
Ro Khanna,Amazon.com Inc,AMZN,buy,2024-09-09,2024-08-05,32,Child,161.02,1K-15K
Ro Khanna,Builders FirstSource Inc,BLDR,buy,2024-09-09,2024-08-02,35,Child,152.15,1K-15K
Ro Khanna,Waste Management Inc,WM,buy,2024-09-09,2024-08-07,30,Child,204.85,1K-15K
Ro Khanna,International Paper Co,IP,buy,2024-09-09,2024-08-07,30,Child,44.28,1K-15K
Ro Khanna,Berkshire Hathaway Inc,BRK/B,buy,2024-09-09,2024-08-21,16,Child,446.6,1K-15K
Ro Khanna,Builders FirstSource Inc,BLDR,buy,2024-09-09,2024-08-07,30,Child,152.86,1K-15K
Ro Khanna,Builders FirstSource Inc,BLDR,buy,2024-09-09,2024-08-05,32,Child,149.65,1K-15K
Ro Khanna,Berkshire Hathaway Inc,BRK/B,buy,2024-09-09,2024-08-21,16,Child,446.6,1K-15K
Ro Khanna,Apple Inc,AAPL,buy,2024-09-09,2024-08-02,35,Child,,1K-15K
Ro Khanna,CVS Health Corp,CVS,sell,2024-09-09,2024-08-02,35,Child,59.32,15K-50K
Ro Khanna,NVIDIA Corporation,NVDA,sell,2024-09-09,2024-08-02,35,Child,107.27,15K-50K
Ro Khanna,Alphabet Inc,GOOGL,sell,2024-09-09,2024-08-06,31,Child,158.29,1K-15K
Ro Khanna,NVR Inc,NVR,sell,2024-09-09,2024-08-22,15,Child,"8,983.56",1K-15K
Ro Khanna,Alphabet Inc,GOOGL,sell,2024-09-09,2024-08-06,31,Child,158.29,1K-15K
Ro Khanna,The Allstate Corporation,ALL,sell,2024-09-09,2024-08-07,30,Child,170.67,1K-15K
Ro Khanna,SBA Communications Corp,SBAC,sell,2024-09-09,2024-08-05,32,Child,221.11,1K-15K
Ro Khanna,Honeywell International Inc,HON,sell,2024-09-09,2024-08-06,31,Child,198.8,1K-15K
Ro Khanna,Honeywell International Inc,HON,sell,2024-09-09,2024-08-15,22,Child,198.46,1K-15K
Ro Khanna,Honeywell International Inc,HON,sell,2024-09-09,2024-08-16,21,Child,198.5,1K-15K
Ro Khanna,Honeywell International Inc,HON,sell,2024-09-09,2024-08-14,23,Child,197.6,1K-15K
Ro Khanna,Honeywell International Inc,HON,sell,2024-09-09,2024-08-13,24,Child,196.73,1K-15K
Ro Khanna,Alphabet Inc,GOOGL,sell,2024-09-09,2024-08-02,35,Child,166.66,1K-15K
Ro Khanna,Microsoft Corp,MSFT,sell,2024-09-09,2024-08-02,35,Child,408.49,1K-15K
Ro Khanna,Starbucks Corp,SBUX,sell,2024-09-09,2024-08-01,36,Child,75.11,1K-15K
Ro Khanna,Micron Technology Inc,MU,buy,2024-09-09,2024-08-05,32,Child,90.42,1K-15K
Ro Khanna,PepsiCo Inc,PEP,buy,2024-09-09,2024-08-27,10,Child,175.3,1K-15K
Ro Khanna,Penn National Gaming Inc,PENN,buy,2024-09-09,2022-08-05,763,Child,34.15,1K-15K
Ro Khanna,Berkshire Hathaway Inc,BRK/B,buy,2024-09-09,2024-08-07,30,Child,427.02,1K-15K
Ro Khanna,Laboratory Corp of America Holdings,LH,buy,2024-09-09,2024-08-27,10,Child,230.21,1K-15K
Ro Khanna,NVR Inc,NVR,sell,2024-09-09,2024-08-22,15,Child,"8,983.56",1K-15K
Ro Khanna,Avantor Inc,AVTR,sell,2024-09-09,2024-08-29,8,Child,25.79,1K-15K
Ro Khanna,Avantor Inc,AVTR,sell,2024-09-09,2024-03-28,162,Child,25.57,1K-15K
Ro Khanna,Avantor Inc,AVTR,sell,2024-09-09,2024-08-13,24,Child,25.24,1K-15K
Ro Khanna,PepsiCo Inc,PEP,buy,2024-09-09,2024-08-05,32,Child,174.04,15K-50K
Ro Khanna,MORGAN STANLEY FINANCE LLC,N/A,buy,2024-09-09,2024-08-30,7,Child,,1K-15K
Ro Khanna,Tesla Inc,TSLA,buy,2024-09-09,2024-08-05,32,Child,198.88,1K-15K
Ro Khanna,Starbucks Corp,SBUX,buy,2024-09-09,2024-08-05,32,Child,73.86,1K-15K
Ro Khanna,The Progressive Corp,PGR,buy,2024-09-09,2024-08-05,32,Child,210.91,1K-15K
Ro Khanna,CME Group Inc,CME,buy,2024-09-09,2024-08-05,32,Child,197.22,1K-15K
Ro Khanna,Cisco Systems Inc,CSCO,buy,2024-09-09,2024-08-05,32,Child,44.74,1K-15K
Ro Khanna,Freeport-McMoRan Inc,FCX,buy,2024-09-09,2024-08-05,32,Child,40.87,1K-15K
Ro Khanna,KLA Corp,KLAC,buy,2024-09-09,2024-08-05,32,Child,703.48,1K-15K
Ro Khanna,The Sherwin-Williams Co,SHW,buy,2024-09-09,2024-08-05,32,Child,339.09,1K-15K
Ro Khanna,Accenture PLC,ACN,buy,2024-09-09,2024-08-05,32,Child,313.74,1K-15K
Ro Khanna,Intuit Inc,INTU,buy,2024-09-09,2024-08-05,32,Child,602.97,1K-15K
Ro Khanna,Palo Alto Networks Inc,PANW,buy,2024-09-09,2024-08-05,32,Child,294.18,1K-15K
Ro Khanna,Lululemon Athletica Inc,LULU,buy,2024-09-09,2024-08-05,32,Child,233.4,1K-15K
Ro Khanna,Centene Corp,CNC,buy,2024-09-09,2024-08-05,32,Child,77.43,1K-15K
Ro Khanna,Thermo Fisher Scientific Inc,TMO,buy,2024-09-09,2024-08-05,32,Child,598.03,1K-15K
Ro Khanna,Microchip Technology Inc,MCHP,buy,2024-09-09,2024-08-05,32,Child,73.86,1K-15K
Ro Khanna,CoStar Group Inc,CSGP,buy,2024-09-09,2024-08-05,32,Child,72.7,1K-15K
Ro Khanna,Parker-Hannifin Corp,PH,buy,2024-09-09,2024-08-05,32,Child,506.31,1K-15K
Ro Khanna,Lennar Corp,LEN,buy,2024-09-09,2024-08-05,32,Child,170.39,1K-15K
Ro Khanna,PTC Inc,PTC,buy,2024-09-09,2024-08-05,32,Child,168.18,1K-15K
Ro Khanna,NXP Semiconductors NV,NXPI,buy,2024-09-09,2024-08-05,32,Child,235.41,1K-15K
Ro Khanna,IDEXX Laboratories Inc,IDXX,buy,2024-09-09,2024-08-05,32,Child,455.08,1K-15K
Ro Khanna,Marriott International Inc,MAR,buy,2024-09-09,2024-08-05,32,Child,211.35,1K-15K
Ro Khanna,FactSet Research Systems Inc,FDS,buy,2024-09-09,2024-08-05,32,Child,401.84,1K-15K
Ro Khanna,Equinix Inc,EQIX,buy,2024-09-09,2024-08-05,32,Child,768.24,1K-15K
Ro Khanna,Pool Corp,POOL,buy,2024-09-09,2024-08-05,32,Child,349.83,1K-15K
Ro Khanna,ON Semiconductor Corp,ON,buy,2024-09-09,2024-08-05,32,Child,68.97,1K-15K
Ro Khanna,DEERE & COMPANY,DE,buy,2024-09-09,2024-08-05,32,Child,344.84,1K-15K
Ro Khanna,Booking Holdings Inc,BKNG,buy,2024-09-09,2024-08-05,32,Child,"3,383.43",1K-15K
Ro Khanna,Caterpillar Inc,CAT,buy,2024-09-09,2024-08-05,32,Child,316.8,1K-15K
Ro Khanna,First Solar Inc,FSLR,buy,2024-09-09,2024-03-05,185,Child,159.06,1K-15K
Ro Khanna,CDW Corp,CDW,buy,2024-09-09,2024-08-05,32,Child,206.67,1K-15K
Ro Khanna,EPAM Systems Inc,EPAM,buy,2024-09-09,2024-08-05,32,Child,202.25,1K-15K
Ro Khanna,West Pharmaceutical Services Inc,WST,buy,2024-09-09,2024-03-05,185,Child,351.95,1K-15K
Ro Khanna,Jabil Inc,JBL,buy,2024-09-09,2024-08-05,32,Child,97.55,1K-15K
Ro Khanna,Old Dominion Freight Line Inc,ODFL,buy,2024-09-09,2024-08-05,32,Child,194.26,1K-15K
Ro Khanna,IDEX Corp,IEX,buy,2024-09-09,2024-08-05,32,Child,192.21,1K-15K
Ro Khanna,Las Vegas Sands Corp,LVS,buy,2024-09-09,2024-08-05,32,Child,37.86,1K-15K
Ro Khanna,Dow Inc,DOW,buy,2024-09-09,2024-08-05,32,Child,51.01,1K-15K
Ro Khanna,GLOBAL PAYMENTS Inc,GPN,buy,2024-09-09,2024-08-05,32,Child,92.66,1K-15K
Ro Khanna,American International Group Inc,AIG,buy,2024-09-09,2024-08-05,32,Child,70.16,1K-15K
Ro Khanna,Genuine Parts Co,GPC,buy,2024-09-09,2024-08-05,32,Child,138.35,1K-15K
Ro Khanna,AKAMAI TECHNOLOGIES Inc,AKAM,buy,2024-09-09,2024-08-05,32,Child,91.32,1K-15K
Ro Khanna,The Estee Lauder Cos Inc,EL,buy,2024-09-09,2024-08-05,32,Child,92.2,1K-15K
Ro Khanna,Apple Inc,AAPL,buy,2024-09-09,2024-08-05,32,Child,209.27,1K-15K
Ro Khanna,Metlife Inc,MET,buy,2024-09-09,2024-08-05,32,Child,67.96,1K-15K
Ro Khanna,McDonald's Corp,MCD,buy,2024-09-09,2024-08-05,32,Child,268.45,1K-15K
Ro Khanna,Norwegian Cruise Line Holdings Ltd,NCLH,buy,2024-09-09,2024-08-05,32,Child,15.33,1K-15K
Ro Khanna,Fastenal Co,FAST,buy,2024-09-09,2024-08-05,32,Child,66.4,1K-15K
Ro Khanna,Raymond James Financial Inc,RJF,buy,2024-09-09,2024-03-05,185,Child,121.49,1K-15K
Ro Khanna,Regions Financial Corp,RF,buy,2024-09-09,2024-08-05,32,Child,20.41,1K-15K
Ro Khanna,Warner Bros Discover Inc,WBD,buy,2024-09-09,2024-08-05,32,Child,7.88,1K-15K
Ro Khanna,Roper Technologies Inc,ROP,buy,2024-09-09,2024-08-05,32,Child,517.53,1K-15K
Ro Khanna,Enphase Energy Inc,ENPH,buy,2024-09-09,2024-08-05,32,Child,103.39,1K-15K
Ro Khanna,Bristol-Myers Squibb Co,BMY,buy,2024-09-09,2024-08-05,32,Child,47.59,1K-15K
Ro Khanna,VERISK ANALYTICS Inc,VRSK,buy,2024-09-09,2024-08-05,32,Child,262.28,1K-15K
Ro Khanna,MSCI Inc,MSCI,buy,2024-09-09,2024-08-05,32,Child,517.43,1K-15K
Ro Khanna,Newmont Corporation,NEM,buy,2024-09-09,2024-08-05,32,Child,47.03,1K-15K
Ro Khanna,Wynn Resorts Ltd,WYNN,buy,2024-09-09,2024-08-05,32,Child,73.55,1K-15K
Ro Khanna,Albemarle Corp,ALB,buy,2024-09-09,2024-08-05,32,Child,83.52,1K-15K
Ro Khanna,Keysight Technologies Inc,KEYS,buy,2024-09-09,2024-08-05,32,Child,122.81,1K-15K
Ro Khanna,Nordson Corp,NDSN,buy,2024-09-09,2024-08-05,32,Child,234.8,1K-15K
Ro Khanna,Advanced Micro Devices Inc,AMD,buy,2024-09-09,2024-08-05,32,Child,134.82,1K-15K
Ro Khanna,SBA Communications Corp,SBAC,buy,2024-09-09,2024-08-05,32,Child,221.11,1K-15K
Ro Khanna,Meta Platforms Inc,META,buy,2024-09-09,2024-08-05,32,Child,475.73,1K-15K
Ro Khanna,AbbVie Inc,ABBV,buy,2024-09-09,2024-08-05,32,Child,184.36,1K-15K
Ro Khanna,Merck & Co Inc,MRK,sell,2024-09-09,2024-08-05,32,Child,112.31,15K-50K
Ro Khanna,Lam Research Corp,LRCX,sell,2024-09-09,2024-08-05,32,Child,770.39,15K-50K
Ro Khanna,Adobe Inc,ADBE,sell,2024-09-09,2024-08-05,32,Child,509.32,1K-15K
Ro Khanna,Schwab (Charles) Corp,SCHW,sell,2024-09-09,2024-08-05,32,Child,62.29,1K-15K
Ro Khanna,Nike Inc,NKE,sell,2024-09-09,2024-08-05,32,Child,71.42,1K-15K
Ro Khanna,United Parcel Service Inc,UPS,sell,2024-09-09,2024-08-05,32,Child,126.02,1K-15K
Ro Khanna,Cadence Design Systems Inc,CDNS,sell,2024-09-09,2024-08-05,32,Child,246.84,1K-15K
Ro Khanna,Morgan Stanley,MS,sell,2024-09-09,2024-08-05,32,Child,92.07,1K-15K
Ro Khanna,Intel Corp,INTC,sell,2024-09-09,2024-08-05,32,Child,20.11,1K-15K
Ro Khanna,Synopsys Inc,SNPS,sell,2024-09-09,2024-08-05,32,Child,487.84,1K-15K
Ro Khanna,Fortive Corp,FTV,sell,2024-09-09,2024-08-05,32,Child,67.64,1K-15K
Ro Khanna,Zimmer Biomet Holdings Inc,ZBH,sell,2024-09-09,2024-08-05,32,Child,107.04,1K-15K
Ro Khanna,Principal Financial Group Inc,PFG,sell,2024-09-09,2024-08-05,32,Child,72.94,1K-15K
Ro Khanna,salesforce.com Inc,CRM,sell,2024-09-09,2024-08-05,32,Child,239.01,1K-15K
Ro Khanna,Analog Devices Inc,ADI,sell,2024-09-09,2024-08-05,32,Child,200.56,1K-15K
Ro Khanna,Truist Financial Corp,TFC,sell,2024-09-09,2024-08-05,32,Child,41.18,1K-15K
Ro Khanna,Ford Motor Co,F,sell,2024-09-09,2024-08-05,32,Child,9.71,1K-15K
Ro Khanna,Uber Technologies Inc,UBER,sell,2024-09-09,2024-08-05,32,Child,58.48,1K-15K
Ro Khanna,Hewlett Packard Enterprise Co,HPE,sell,2024-09-09,2024-08-05,32,Child,17.35,1K-15K
Ro Khanna,KENVUE INC,KVUE,sell,2024-09-09,2024-08-05,32,Child,18.19,1K-15K
Ro Khanna,Franklin Resources Inc,BEN,sell,2024-09-09,2024-08-05,32,Child,21.46,1K-15K
Ro Khanna,Airbnb Inc,ABNB,sell,2024-09-09,2024-08-05,32,Child,125.31,1K-15K
Ro Khanna,Steel Dynamics Inc,STLD,sell,2024-09-09,2024-08-05,32,Child,121.41,1K-15K
Ro Khanna,Constellation Brands Inc,STZ,sell,2024-09-09,2024-08-05,32,Child,236.42,1K-15K
Ro Khanna,CrowdStrike Holdings Inc,CRWD,sell,2024-09-09,2024-08-05,32,Child,222.05,1K-15K
Ro Khanna,Edwards Lifesciences Corp,EW,sell,2024-09-09,2024-08-05,32,Child,60.7,1K-15K
Ro Khanna,Blackrock Inc,BLK,sell,2024-09-09,2024-08-05,32,Child,830.76,1K-15K
Ro Khanna,MGM Resorts International,MGM,sell,2024-09-09,2024-08-05,32,Child,34.07,1K-15K
Ro Khanna,Cintas Corp,CTAS,sell,2024-09-09,2024-08-05,32,Child,739.83,1K-15K
Ro Khanna,DexCom Inc,DXCM,sell,2024-09-09,2024-08-05,32,Child,72.43,1K-15K
Ro Khanna,The Walt Disney Co,DIS,sell,2024-09-09,2024-08-05,32,Child,87.78,1K-15K
Ro Khanna,Nucor Corp,NUE,sell,2024-09-09,2024-08-05,32,Child,150.52,1K-15K
Ro Khanna,QUALCOMM Inc,QCOM,sell,2024-09-09,2024-08-05,32,Child,157.95,1K-15K
Ro Khanna,Biogen Inc,BIIB,sell,2024-09-09,2024-08-05,32,Child,198.39,1K-15K
Ro Khanna,ANSYS Inc,ANSS,sell,2024-09-09,2024-08-05,32,Child,296.54,1K-15K
Ro Khanna,Digital Realty Trust Inc,DLR,sell,2024-09-09,2024-08-05,32,Child,144.47,1K-15K
Ro Khanna,Arch Capital Group Ltd,ACGL,sell,2024-09-09,2024-08-05,32,Child,96.06,1K-15K
Ro Khanna,Alexandria Real Estate Equities Inc,ARE,sell,2024-09-09,2024-08-05,32,Child,112.14,1K-15K
Ro Khanna,Take-Two Interactive Software Inc,TTWO,sell,2024-09-09,2024-08-05,32,Child,139.49,1K-15K
Ro Khanna,LyondellBasell Industries NV,LYB,sell,2024-09-09,2024-08-05,32,Child,92.56,1K-15K
Ro Khanna,PACCAR Inc,PCAR,sell,2024-09-09,2024-08-05,32,Child,91.93,1K-15K
Ro Khanna,Prudential Financial Inc,PRU,sell,2024-09-09,2024-08-05,32,Child,105.53,1K-15K
Ro Khanna,Archer-Daniels-Midland Co,ADM,sell,2024-09-09,2024-08-05,32,Child,58.18,1K-15K
Ro Khanna,T. Rowe Price Group Inc,TROW,sell,2024-09-09,2024-08-05,32,Child,103.16,1K-15K
Ro Khanna,LKQ Corporation,LKQ,sell,2024-09-09,2024-08-05,32,Child,39.27,1K-15K
Ro Khanna,Molson Coors Beverage Company,TAP,sell,2024-09-09,2024-08-05,32,Child,51.13,1K-15K
Ro Khanna,Southwest Airlines Co,LUV,sell,2024-09-09,2024-08-05,32,Child,23.7,1K-15K
Ro Khanna,Rockwell Automation Inc,ROK,sell,2024-09-09,2024-08-05,32,Child,248.27,1K-15K
Ro Khanna,Dollar Tree Inc,DLTR,sell,2024-09-09,2024-08-05,32,Child,96.5,1K-15K
Ro Khanna,Teradyne Inc,TER,sell,2024-09-09,2024-08-05,32,Child,116.39,1K-15K
Ro Khanna,AMETEK Inc,AME,sell,2024-09-09,2024-08-05,32,Child,154.69,1K-15K
Ro Khanna,Carnival Corporation & PLC,CCL,sell,2024-09-09,2024-08-05,32,Child,14.4,1K-15K
Ro Khanna,Host Hotels & Resorts Inc,HST,sell,2024-09-09,2024-08-05,32,Child,15.92,1K-15K
Ro Khanna,Align Technology Inc,ALGN,sell,2024-09-09,2024-08-05,32,Child,207.94,1K-15K
Ro Khanna,UBS Group AG,UBS,buy,2024-09-09,2024-08-25,12,Spouse,,50K-100K
Ro Khanna,Johnson & Johnson,JNJ,buy,2024-09-09,2024-08-02,35,Spouse,164.14,15K-50K
Ro Khanna,MORGAN STANLEY FINANCE LLC,N/A,buy,2024-09-09,2024-08-30,7,Spouse,,15K-50K
Ro Khanna,The Home Depot Inc,HD,buy,2024-09-09,2024-08-02,35,Spouse,355.43,15K-50K
Ro Khanna,Adobe Inc,ADBE,buy,2024-09-09,2024-08-02,35,Spouse,526.17,15K-50K
Ro Khanna,DISTRICT OF COLUMBIA,N/A,buy,2024-09-09,2024-08-20,17,Spouse,,15K-50K
Ro Khanna,McDonald's Corp,MCD,buy,2024-09-09,2024-08-02,35,Spouse,276.69,15K-50K
Ro Khanna,Bank of America Corp,BAC,buy,2024-09-09,2024-08-02,35,Spouse,37.58,15K-50K
Ro Khanna,NextEra Energy Inc,NEE,buy,2024-09-09,2024-08-02,35,Spouse,79.2,15K-50K
Ro Khanna,Micron Technology Inc,MU,buy,2024-09-09,2024-08-05,32,Spouse,90.42,15K-50K
Ro Khanna,Oracle Corp,ORCL,buy,2024-09-09,2024-08-02,35,Spouse,133.28,1K-15K
Ro Khanna,Nike Inc,NKE,buy,2024-09-09,2024-08-02,35,Spouse,74.01,1K-15K
Ro Khanna,Booking Holdings Inc,BKNG,buy,2024-09-09,2024-08-02,35,Spouse,"3,328.13",1K-15K
Ro Khanna,Gilead Sciences Inc,GILD,buy,2024-09-09,2024-08-02,35,Spouse,76.77,1K-15K
Ro Khanna,Cisco Systems Inc,CSCO,buy,2024-09-09,2024-08-02,35,Spouse,46.66,1K-15K
Ro Khanna,NCR Corp,NCR,buy,2024-09-09,2024-08-21,16,Spouse,12.81,1K-15K
Ro Khanna,Honeywell International Inc,HON,buy,2024-09-09,2024-08-02,35,Spouse,203.69,1K-15K
Ro Khanna,Costco Wholesale Corp,COST,buy,2024-09-09,2024-08-02,35,Spouse,822.08,1K-15K
Ro Khanna,DTE Energy Co,DTE,buy,2024-09-09,2024-08-02,35,Spouse,123.24,1K-15K
Ro Khanna,Sempra,SRE,buy,2024-09-09,2024-08-02,35,Spouse,81.74,1K-15K
Ro Khanna,AbbVie Inc,ABBV,buy,2024-09-09,2024-08-02,35,Spouse,189.29,1K-15K
Ro Khanna,AUTODESK Inc,ADSK,buy,2024-09-09,2024-08-02,35,Spouse,231.37,1K-15K
Ro Khanna,The Walt Disney Co,DIS,buy,2024-09-09,2024-08-21,16,Spouse,90.72,1K-15K
Ro Khanna,Marriott International Inc,MAR,buy,2024-09-09,2024-08-02,35,Spouse,213.67,1K-15K
Ro Khanna,United Parcel Service Inc,UPS,buy,2024-09-09,2024-08-02,35,Spouse,128.06,1K-15K
Ro Khanna,Charter Communications Inc,CHTR,buy,2024-09-09,2024-08-02,35,Spouse,373.16,1K-15K
Ro Khanna,Becton Dickinson and Co,BDX,buy,2024-09-09,2024-08-02,35,Spouse,241.87,1K-15K
Ro Khanna,The Dun & Bradstreet Corp,DNB,buy,2024-09-09,2024-08-16,21,Spouse,11.91,1K-15K
Ro Khanna,The Dun & Bradstreet Corp,DNB,buy,2024-09-09,2024-08-21,16,Spouse,11.99,1K-15K
Ro Khanna,CMS Energy Corp,CMS,buy,2024-09-09,2024-08-02,35,Spouse,66.12,1K-15K
Ro Khanna,Crown Castle International Corp,CCI,buy,2024-09-09,2024-08-02,35,Spouse,115.21,1K-15K
Ro Khanna,Penn National Gaming Inc,PENN,buy,2024-09-09,2024-08-05,32,Spouse,16.97,1K-15K
Ro Khanna,Digital Realty Trust Inc,DLR,buy,2024-09-09,2024-08-02,35,Spouse,150.84,1K-15K
Ro Khanna,The Southern Co,SO,buy,2024-09-09,2024-08-02,35,Spouse,88.58,1K-15K
Ro Khanna,MSCI Inc,MSCI,buy,2024-09-09,2024-08-02,35,Spouse,539.85,1K-15K
Ro Khanna,Molina Healthcare Inc,MOH,buy,2024-09-09,2024-08-02,35,Spouse,350.9,1K-15K
Ro Khanna,PTC Inc,PTC,buy,2024-09-09,2024-08-02,35,Spouse,172.05,1K-15K
Ro Khanna,CONSTELLATION ENE CORP,CEG,buy,2024-09-09,2024-08-02,35,Spouse,167.08,1K-15K
Ro Khanna,3M Co,MMM,buy,2024-09-09,2024-08-02,35,Spouse,125.24,1K-15K
Ro Khanna,Edison International,EIX,buy,2024-09-09,2024-08-02,35,Spouse,82.27,1K-15K
Ro Khanna,Aptiv PLC,APTV,buy,2024-09-09,2024-08-02,35,Spouse,69.63,1K-15K
Ro Khanna,Norfolk Southern Corp,NSC,buy,2024-09-09,2024-08-02,35,Spouse,243.41,1K-15K
Ro Khanna,S&P Global Inc,SPGI,buy,2024-09-09,2024-08-02,35,Spouse,486.04,1K-15K
Ro Khanna,Entergy corporation,ETR,buy,2024-09-09,2024-08-02,35,Spouse,120.8,1K-15K
Ro Khanna,GLOBAL PAYMENTS Inc,GPN,buy,2024-09-09,2024-08-02,35,Spouse,95.62,1K-15K
Ro Khanna,Centene Corp,CNC,buy,2024-09-09,2024-08-02,35,Spouse,78.09,1K-15K
Ro Khanna,Public Service Enterprise Group Inc,PEG,buy,2024-09-09,2024-08-02,35,Spouse,78.83,1K-15K
Ro Khanna,PACCAR Inc,PCAR,buy,2024-09-09,2024-08-02,35,Spouse,94.36,1K-15K
Ro Khanna,Exelon Corp,EXC,buy,2024-09-09,2024-08-02,35,Spouse,38.77,1K-15K
Ro Khanna,The AES Corp,AES,buy,2024-09-09,2024-08-02,35,Spouse,17.13,1K-15K
Ro Khanna,BorgWarner Inc,BWA,buy,2024-09-09,2024-08-02,35,Spouse,33.04,1K-15K
Ro Khanna,PG&E Corp,PCG,buy,2024-09-09,2024-08-02,35,Spouse,18.41,1K-15K
Ro Khanna,Keurig Dr Pepper Inc,KDP,buy,2024-09-09,2024-08-02,35,Spouse,35.07,1K-15K
Ro Khanna,Duke Energy Corp,DUK,buy,2024-09-09,2024-08-02,35,Spouse,113.92,1K-15K
Ro Khanna,Healthpeak Properties Inc,PEAK,buy,2024-09-09,2024-08-02,35,Spouse,21.54,1K-15K
Ro Khanna,Dominion Energy Inc,D,buy,2024-09-09,2024-08-02,35,Spouse,56.08,1K-15K
Ro Khanna,Carrier Global Corp,CARR,buy,2024-09-09,2024-08-02,35,Spouse,63.99,1K-15K
Ro Khanna,Hasbro Inc,HAS,buy,2024-09-09,2024-08-02,35,Spouse,63.46,1K-15K
Ro Khanna,CBRE Group Inc,CBRE,buy,2024-09-09,2024-08-02,35,Spouse,110.38,1K-15K
Ro Khanna,Ingersoll Rand Inc,IR,buy,2024-09-09,2024-08-02,35,Spouse,87.42,1K-15K
Ro Khanna,CrowdStrike Holdings Inc,CRWD,buy,2024-09-09,2024-08-02,35,Spouse,217.89,1K-15K
Ro Khanna,EPAM Systems Inc,EPAM,buy,2024-09-09,2024-08-02,35,Spouse,208.99,1K-15K
Ro Khanna,Danaher Corp,DHR,buy,2024-09-09,2024-08-02,35,Spouse,276.75,1K-15K
Ro Khanna,Fortinet Inc,FTNT,buy,2024-09-09,2024-08-02,35,Spouse,56.51,1K-15K
Ro Khanna,United Rentals Inc,URI,buy,2024-09-09,2024-08-02,35,Spouse,671.43,1K-15K
Ro Khanna,McKesson Corp,MCK,buy,2024-09-09,2024-08-02,35,Spouse,630.38,1K-15K
Ro Khanna,Intuit Inc,INTU,buy,2024-09-09,2024-08-02,35,Spouse,623.92,1K-15K
Ro Khanna,West Pharmaceutical Services Inc,WST,buy,2024-09-09,2024-08-02,35,Spouse,300.28,1K-15K
Ro Khanna,Dollar Tree Inc,DLTR,buy,2024-09-09,2024-08-02,35,Spouse,99.53,1K-15K
Ro Khanna,Cummins Inc,CMI,buy,2024-09-09,2024-08-02,35,Spouse,290.36,1K-15K
Ro Khanna,Martin Marietta Materials Inc,MLM,buy,2024-09-09,2024-08-02,35,Spouse,568.25,1K-15K
Ro Khanna,Texas Instruments Inc,TXN,buy,2024-09-09,2024-08-02,35,Spouse,187.46,1K-15K
Ro Khanna,Applied Materials Inc,AMAT,buy,2024-09-09,2024-08-02,35,Spouse,181.81,1K-15K
Ro Khanna,Vulcan Materials Co,VMC,buy,2024-09-09,2024-08-02,35,Spouse,266.34,1K-15K
Ro Khanna,Celanese Corp,CE,buy,2024-09-09,2024-08-02,35,Spouse,131.55,1K-15K
Ro Khanna,Atmos Energy Corp,ATO,buy,2024-09-09,2024-08-02,35,Spouse,129.99,1K-15K
Ro Khanna,American Electric Power Co Inc,AEP,buy,2024-09-09,2024-08-02,35,Spouse,101.79,1K-15K
Ro Khanna,Cardinal Health Inc,CAH,buy,2024-09-09,2024-08-02,35,Spouse,101.6,1K-15K
Ro Khanna,AFLAC Inc,AFL,buy,2024-09-09,2024-08-02,35,Spouse,99.24,1K-15K
Ro Khanna,Cencora Inc,COR,buy,2024-09-09,2024-08-02,35,Spouse,247.57,1K-15K
Ro Khanna,Bunge Ltd,BG,buy,2024-09-09,2024-08-02,35,Spouse,98.42,1K-15K
Ro Khanna,Walmart Inc,WMT,buy,2024-09-09,2024-08-02,35,Spouse,68.46,1K-15K
Ro Khanna,The Dun & Bradstreet Corp,DNB,buy,2024-09-09,2024-08-28,9,Spouse,11.94,1K-15K
Ro Khanna,Xcel Energy Inc,XEL,buy,2024-09-09,2024-08-02,35,Spouse,59.75,1K-15K
Ro Khanna,ON Semiconductor Corp,ON,buy,2024-09-09,2024-08-02,35,Spouse,67.95,1K-15K
Ro Khanna,Etsy Inc,ETSY,buy,2024-09-09,2024-08-02,35,Spouse,59.35,1K-15K
Ro Khanna,Fifth Third Bancorp,FITB,buy,2024-09-09,2024-08-02,35,Spouse,39.55,1K-15K
Ro Khanna,AKAMAI TECHNOLOGIES Inc,AKAM,buy,2024-09-09,2024-08-02,35,Spouse,94.56,1K-15K
Ro Khanna,VICI Properties Inc,VICI,buy,2024-09-09,2024-08-02,35,Spouse,31.5,1K-15K
Ro Khanna,Laboratory Corp of America Holdings,LH,buy,2024-09-09,2024-08-02,35,Spouse,236.0,1K-15K
Ro Khanna,LyondellBasell Industries NV,LYB,buy,2024-09-09,2024-08-02,35,Spouse,94.39,1K-15K
Ro Khanna,Citigroup Inc,C,buy,2024-09-09,2024-08-02,35,Spouse,58.76,1K-15K
Ro Khanna,Eversource Energy,ES,buy,2024-09-09,2024-08-02,35,Spouse,67.11,1K-15K
Ro Khanna,FirstEnergy Corp,FE,buy,2024-09-09,2024-08-02,35,Spouse,42.68,1K-15K
Ro Khanna,The Kraft Heinz Co,KHC,buy,2024-09-09,2024-08-02,35,Spouse,,1K-15K
Ro Khanna,The Mosaic Company,MOS,buy,2024-09-09,2024-08-02,35,Spouse,27.38,1K-15K
Ro Khanna,Bath & Body Works Inc,BBWI,buy,2024-09-09,2024-08-02,35,Spouse,33.2,1K-15K
Ro Khanna,Caesars Entertainment Inc,CZR,buy,2024-09-09,2024-08-02,35,Spouse,35.66,1K-15K
Ro Khanna,Viatris Inc,VTRS,buy,2024-09-09,2024-08-02,35,Spouse,11.87,1K-15K
Ro Khanna,Expedia Group Inc,EXPE,buy,2024-09-09,2024-08-02,35,Spouse,115.49,1K-15K
Ro Khanna,Norwegian Cruise Line Holdings Ltd,NCLH,buy,2024-09-09,2024-08-02,35,Spouse,15.93,1K-15K
Ro Khanna,Freeport-McMoRan Inc,FCX,buy,2024-09-09,2024-08-02,35,Spouse,41.97,1K-15K
Ro Khanna,Kimco Realty Corp,KIM,buy,2024-09-09,2024-08-02,35,Spouse,21.93,1K-15K
Ro Khanna,CenterPoint Energy Inc,CNP,buy,2024-09-09,2024-08-02,35,Spouse,27.07,1K-15K
Ro Khanna,Hormel Foods Corp,HRL,buy,2024-09-09,2024-08-02,35,Spouse,32.87,1K-15K
Ro Khanna,PPL Corp,PPL,buy,2024-09-09,2024-08-02,35,Spouse,30.64,1K-15K
Ro Khanna,SBA Communications Corp,SBAC,buy,2024-09-09,2024-08-02,35,Spouse,229.73,1K-15K
Ro Khanna,Walgreens Boots Alliance Inc,WBA,buy,2024-09-09,2024-08-02,35,Spouse,11.48,1K-15K
Ro Khanna,Carnival Corporation & PLC,CCL,buy,2024-09-09,2024-08-02,35,Spouse,14.8,1K-15K
Ro Khanna,Lamb Weston Holdings Inc,LW,buy,2024-09-09,2024-08-02,35,Spouse,56.94,1K-15K
Ro Khanna,Brown-Forman Corp,BF/A,buy,2024-09-09,2024-08-02,35,Spouse,45.41,1K-15K
Ro Khanna,Host Hotels & Resorts Inc,HST,buy,2024-09-09,2024-08-02,35,Spouse,16.2,1K-15K
Ro Khanna,BALL CORPORATION,BALL,buy,2024-09-09,2024-08-02,35,Spouse,64.76,1K-15K
Ro Khanna,Incyte Corp,INCY,buy,2024-09-09,2024-08-02,35,Spouse,64.47,1K-15K
Ro Khanna,Welltower Inc,WELL,buy,2024-09-09,2024-08-02,35,Spouse,112.76,1K-15K
Ro Khanna,WEC Energy Group Inc,WEC,buy,2024-09-09,2024-08-02,35,Spouse,90.16,1K-15K
Ro Khanna,Mid-America Apartment Communities Inc,MAA,buy,2024-09-09,2024-08-02,35,Spouse,150.02,1K-15K
Ro Khanna,eBay Inc,EBAY,buy,2024-09-09,2024-08-02,35,Spouse,56.2,1K-15K
Ro Khanna,KeyCorp,KEY,buy,2024-09-09,2024-08-02,35,Spouse,14.45,1K-15K
Ro Khanna,Fox Corp,FOXA,buy,2024-09-09,2024-08-02,35,Spouse,37.31,1K-15K
Ro Khanna,American Water Works Company Inc,AWK,buy,2024-09-09,2024-08-02,35,Spouse,147.35,1K-15K
Ro Khanna,Albemarle Corp,ALB,buy,2024-09-09,2024-08-02,35,Spouse,86.99,1K-15K
Ro Khanna,KKR & Co Inc,KKR,buy,2024-09-09,2024-08-02,35,Spouse,108.62,1K-15K
Ro Khanna,The Clorox Co,CLX,buy,2024-09-09,2024-08-02,35,Spouse,144.09,1K-15K
Ro Khanna,American International Group Inc,AIG,buy,2024-09-09,2024-08-02,35,Spouse,71.97,1K-15K
Ro Khanna,Iron Mountain Inc,IRM,buy,2024-09-09,2024-08-02,35,Spouse,106.69,1K-15K
Ro Khanna,AvalonBay Communities Inc,AVB,buy,2024-09-09,2024-08-02,35,Spouse,210.02,1K-15K
Ro Khanna,CDW Corp,CDW,buy,2024-09-09,2024-08-02,35,Spouse,209.85,1K-15K
Ro Khanna,Dow Inc,DOW,buy,2024-09-09,2024-08-02,35,Spouse,52.01,1K-15K
Ro Khanna,Archer-Daniels-Midland Co,ADM,buy,2024-09-09,2024-08-02,35,Spouse,58.91,1K-15K
Ro Khanna,Biogen Inc,BIIB,buy,2024-09-09,2024-08-02,35,Spouse,205.66,1K-15K
Ro Khanna,Mastercard Inc,MA,buy,2024-09-09,2024-08-02,35,Spouse,462.02,1K-15K
Ro Khanna,Pool Corp,POOL,buy,2024-09-09,2024-08-02,35,Spouse,353.39,1K-15K
Ro Khanna,Waters Corp,WAT,buy,2024-09-09,2024-08-02,35,Spouse,345.66,1K-15K
Ro Khanna,Prologis Inc,PLD,buy,2024-09-09,2024-08-02,35,Spouse,123.98,1K-15K
Ro Khanna,Elanco Animal Health Inc,ELAN,buy,2024-09-09,2024-08-09,28,Spouse,13.04,1K-15K
Ro Khanna,Amazon.com Inc,AMZN,sell,2024-09-09,2024-08-02,35,Spouse,167.9,50K-100K
Ro Khanna,Amgen Inc,AMGN,sell,2024-09-09,2024-08-02,35,Spouse,333.99,15K-50K
Ro Khanna,International Business Machines Corp,IBM,sell,2024-09-09,2024-08-02,35,Spouse,189.12,15K-50K
Ro Khanna,Boston Properties Inc,BXP,sell,2024-09-09,2024-08-02,35,Spouse,66.93,15K-50K
Ro Khanna,NVIDIA Corporation,NVDA,sell,2024-09-09,2024-08-02,35,Spouse,107.27,15K-50K
Ro Khanna,Roper Technologies Inc,ROP,sell,2024-09-09,2024-08-02,35,Spouse,536.03,15K-50K
Ro Khanna,Cigna Corp,CI,sell,2024-09-09,2024-08-02,35,Spouse,337.33,15K-50K
Ro Khanna,Tesla Inc,TSLA,sell,2024-09-09,2024-08-02,35,Spouse,207.67,15K-50K
Ro Khanna,U.S. Bancorp,USB,sell,2024-09-09,2024-08-02,35,Spouse,42.35,15K-50K
Ro Khanna,CVS Health Corp,CVS,sell,2024-09-09,2024-08-02,35,Spouse,59.32,15K-50K
Ro Khanna,Merck & Co Inc,MRK,sell,2024-09-09,2024-08-02,35,Spouse,115.2,15K-50K
Ro Khanna,salesforce.com Inc,CRM,sell,2024-09-09,2024-08-02,35,Spouse,243.97,15K-50K
Ro Khanna,Vertex Pharmaceuticals Inc,VRTX,sell,2024-09-09,2024-08-02,35,Spouse,494.46,1K-15K
Ro Khanna,The PNC Financial Services Group Inc,PNC,sell,2024-09-09,2024-08-02,35,Spouse,170.0,1K-15K
Ro Khanna,Starbucks Corp,SBUX,sell,2024-09-09,2024-08-02,35,Spouse,75.88,1K-15K
Ro Khanna,Avantor Inc,AVTR,sell,2024-09-09,2024-08-09,28,Spouse,24.98,1K-15K
Ro Khanna,Microsoft Corp,MSFT,sell,2024-09-09,2024-08-02,35,Spouse,408.49,1K-15K
Ro Khanna,Smurfit Kappa Group PLC,SMFKY,sell,2024-09-09,2024-08-02,35,Spouse,,1K-15K
Ro Khanna,Regeneron Pharmaceuticals Inc,REGN,sell,2024-09-09,2024-08-02,35,Spouse,"1,082.19",1K-15K
Ro Khanna,Dollar General Corporation,DG,sell,2024-09-09,2024-08-02,35,Spouse,121.59,1K-15K
Ro Khanna,COUNTY OF NASSAU NEW YORK,N/A,sell,2024-09-09,2024-08-19,18,Spouse,,1K-15K
Ro Khanna,Synopsys Inc,SNPS,sell,2024-09-09,2024-08-02,35,Spouse,505.78,1K-15K
Ro Khanna,Intel Corp,INTC,sell,2024-09-09,2024-08-02,35,Spouse,21.48,1K-15K
Ro Khanna,Cadence Design Systems Inc,CDNS,sell,2024-09-09,2024-08-02,35,Spouse,249.63,1K-15K
Ro Khanna,The Walt Disney Co,DIS,sell,2024-09-09,2024-08-02,35,Spouse,89.57,1K-15K
Ro Khanna,JPMorgan Chase & Co,JPM,sell,2024-09-09,2024-08-02,35,Spouse,199.14,1K-15K
Ro Khanna,DEERE & COMPANY,DE,sell,2024-09-09,2024-08-02,35,Spouse,353.75,1K-15K
Ro Khanna,Infinera Corp,INFN,sell,2024-09-09,2024-08-15,22,Spouse,5.86,1K-15K
Ro Khanna,Chipotle Mexican Grill Inc,CMG,sell,2024-09-09,2024-08-02,35,Spouse,52.57,1K-15K
Ro Khanna,Avantor Inc,AVTR,sell,2024-09-09,2024-08-28,9,Spouse,25.56,1K-15K
Ro Khanna,ANSYS Inc,ANSS,sell,2024-09-09,2024-08-02,35,Spouse,302.22,1K-15K
Ro Khanna,Mondelez International Inc,MDLZ,sell,2024-09-09,2024-08-02,35,Spouse,70.68,1K-15K
Ro Khanna,Cognizant Technology Solutions Corp,CTSH,sell,2024-09-09,2024-08-02,35,Spouse,74.0,1K-15K
Ro Khanna,Church & Dwight Co Inc,CHD,sell,2024-09-09,2024-08-02,35,Spouse,98.53,1K-15K
Ro Khanna,Verizon Communications Inc,VZ,sell,2024-09-09,2024-08-02,35,Spouse,40.97,1K-15K
Ro Khanna,Constellation Brands Inc,STZ,sell,2024-09-09,2024-08-02,35,Spouse,246.94,1K-15K
Ro Khanna,Comerica Incorporated,CMA,sell,2024-09-09,2024-08-02,35,Spouse,52.05,1K-15K
Ro Khanna,CME Group Inc,CME,sell,2024-09-09,2024-08-02,35,Spouse,199.83,1K-15K
Ro Khanna,Corteva Inc,CTVA,sell,2024-09-09,2024-08-02,35,Spouse,51.58,1K-15K
Ro Khanna,NortonLifeLock Inc,GEN,sell,2024-09-09,2024-08-02,35,Spouse,25.16,1K-15K
Ro Khanna,Ford Motor Co,F,sell,2024-09-09,2024-08-02,35,Spouse,10.03,1K-15K
Ro Khanna,Darden Restaurants Inc,DRI,sell,2024-09-09,2024-08-02,35,Spouse,144.03,1K-15K
Ro Khanna,Avantor Inc,AVTR,sell,2024-09-09,2024-08-29,8,Spouse,25.79,1K-15K
Ro Khanna,Advanced Micro Devices Inc,AMD,sell,2024-09-09,2024-08-02,35,Spouse,132.5,1K-15K
Ro Khanna,The Estee Lauder Cos Inc,EL,sell,2024-09-09,2024-08-02,35,Spouse,95.5,1K-15K
Ro Khanna,AMETEK Inc,AME,sell,2024-09-09,2024-08-02,35,Spouse,152.74,1K-15K
Ro Khanna,International Paper Co,IP,sell,2024-09-09,2024-08-02,35,Spouse,45.94,1K-15K
Ro Khanna,DexCom Inc,DXCM,sell,2024-09-09,2024-08-02,35,Spouse,72.3,1K-15K
Ro Khanna,SUPER MICRO COMPUTER INC,SMCI,sell,2024-09-09,2024-08-02,35,Spouse,624.65,1K-15K
Ro Khanna,Edwards Lifesciences Corp,EW,sell,2024-09-09,2024-08-02,35,Spouse,60.83,1K-15K
Ro Khanna,Lincoln National Corp,LNC,sell,2024-09-09,2024-08-02,35,Spouse,30.02,1K-15K
Ro Khanna,Capital One Financial Corp,COF,sell,2024-09-09,2024-08-02,35,Spouse,136.12,1K-15K
Ro Khanna,Palo Alto Networks Inc,PANW,sell,2024-09-09,2024-08-02,35,Spouse,305.6,1K-15K
Ro Khanna,Elevance Health Inc,ELV,sell,2024-09-09,2024-08-02,35,Spouse,535.17,1K-15K
Ro Khanna,Parker-Hannifin Corp,PH,sell,2024-09-09,2024-08-02,35,Spouse,518.51,1K-15K
Ro Khanna,Simon Property Group Inc,SPG,sell,2024-09-09,2024-08-02,35,Spouse,151.07,1K-15K
Ro Khanna,Avantor Inc,AVTR,sell,2024-09-09,2024-08-26,11,Spouse,25.38,1K-15K
Ro Khanna,Loews Corp,L,sell,2024-09-09,2024-08-02,35,Spouse,78.69,1K-15K
Ro Khanna,Avantor Inc,AVTR,sell,2024-09-09,2024-08-13,24,Spouse,25.24,1K-15K
Ro Khanna,Micron Technology Inc,MU,sell,2024-09-09,2024-08-02,35,Spouse,92.7,1K-15K
Ro Khanna,Cincinnati Financial Corp,CINF,sell,2024-09-09,2024-08-02,35,Spouse,130.35,1K-15K
Ro Khanna,CF Industries Holdings Inc,CF,sell,2024-09-09,2024-08-02,35,Spouse,73.22,1K-15K
Ro Khanna,Lululemon Athletica Inc,LULU,sell,2024-09-09,2024-08-02,35,Spouse,236.0,1K-15K
Ro Khanna,Charles River Laboratories International Inc,CRL,sell,2024-09-09,2024-08-02,35,Spouse,233.6,1K-15K
Ro Khanna,General Mills Inc,GIS,sell,2024-09-09,2024-08-02,35,Spouse,69.28,1K-15K
Ro Khanna,Comcast Corp,CMCSA,sell,2024-09-09,2024-08-02,35,Spouse,39.9,1K-15K
Ro Khanna,Paramount Global Inc,PARA,sell,2024-09-09,2024-08-02,35,Spouse,11.0,1K-15K
Ro Khanna,Warner Bros Discover Inc,WBD,sell,2024-09-09,2024-08-02,35,Spouse,8.27,1K-15K
Ro Khanna,T. Rowe Price Group Inc,TROW,sell,2024-09-09,2024-08-02,35,Spouse,106.47,1K-15K
Ro Khanna,The Kroger Co,KR,sell,2024-09-09,2024-08-02,35,Spouse,54.33,1K-15K
Ro Khanna,Enphase Energy Inc,ENPH,sell,2024-09-09,2024-08-02,35,Spouse,105.19,1K-15K
Ro Khanna,Tapestry Inc,TPR,sell,2024-09-09,2024-08-02,35,Spouse,38.13,1K-15K
Ro Khanna,Microchip Technology Inc,MCHP,sell,2024-09-09,2024-08-02,35,Spouse,75.43,1K-15K
Ro Khanna,Rockwell Automation Inc,ROK,sell,2024-09-09,2024-08-02,35,Spouse,253.47,1K-15K
Ro Khanna,Genuine Parts Co,GPC,sell,2024-09-09,2024-08-02,35,Spouse,142.52,1K-15K
Ro Khanna,Paycom Software Inc,PAYC,sell,2024-09-09,2024-08-02,35,Spouse,164.31,1K-15K
Ro Khanna,Old Dominion Freight Line Inc,ODFL,sell,2024-09-09,2024-08-02,35,Spouse,195.12,1K-15K
Ro Khanna,Baxter International Inc,BAX,sell,2024-09-09,2024-08-02,35,Spouse,35.27,1K-15K
Ro Khanna,Fortive Corp,FTV,sell,2024-09-09,2024-08-02,35,Spouse,68.44,1K-15K
Ro Khanna,Uber Technologies Inc,UBER,sell,2024-09-09,2024-08-02,35,Spouse,58.99,1K-15K
Ro Khanna,MGM Resorts International,MGM,sell,2024-09-09,2024-08-02,35,Spouse,35.48,1K-15K
Ro Khanna,CoStar Group Inc,CSGP,sell,2024-09-09,2024-08-02,35,Spouse,75.27,1K-15K
Ro Khanna,Airbnb Inc,ABNB,sell,2024-09-09,2024-08-02,35,Spouse,128.23,1K-15K
Ro Khanna,LKQ Corporation,LKQ,sell,2024-09-09,2024-08-02,35,Spouse,40.14,1K-15K
Ro Khanna,Las Vegas Sands Corp,LVS,sell,2024-09-09,2024-08-02,35,Spouse,38.06,1K-15K
Ro Khanna,Moderna Inc,MRNA,sell,2024-09-09,2024-08-02,35,Spouse,86.58,1K-15K
Ro Khanna,Align Technology Inc,ALGN,sell,2024-09-09,2024-08-02,35,Spouse,213.49,1K-15K
Ro Khanna,Ulta Beauty Inc,ULTA,sell,2024-09-09,2024-08-02,35,Spouse,341.01,1K-15K
Ro Khanna,United Airlines Holdings Inc,UAL,buy,2024-09-09,2024-08-02,35,Spouse,40.19,1K-15K
Ro Khanna,UBS Group AG,UBS,buy,2024-09-09,2024-08-30,7,Spouse,30.76,1K-15K
Ro Khanna,Micron Technology Inc,MU,buy,2024-09-09,2024-08-05,32,Spouse,90.42,1K-15K
Ro Khanna,Accenture PLC,ACN,buy,2024-09-09,2024-08-02,35,Spouse,323.15,1K-15K
Ro Khanna,PepsiCo Inc,PEP,buy,2024-09-09,2024-08-02,35,Spouse,178.04,1K-15K
Ro Khanna,AbbVie Inc,ABBV,buy,2024-09-09,2024-08-02,35,Spouse,189.29,1K-15K
Ro Khanna,Merck & Co Inc,MRK,buy,2024-09-09,2024-08-02,35,Spouse,115.2,1K-15K
Ro Khanna,Mastercard Inc,MA,buy,2024-09-09,2024-08-02,35,Spouse,462.02,1K-15K
Ro Khanna,McDonald's Corp,MCD,buy,2024-09-09,2024-08-02,35,Spouse,276.69,1K-15K
Ro Khanna,Starbucks Corp,SBUX,buy,2024-09-09,2024-08-02,35,Spouse,75.88,1K-15K
Ro Khanna,salesforce.com Inc,CRM,buy,2024-09-09,2024-08-02,35,Spouse,243.97,1K-15K
Ro Khanna,Intel Corp,INTC,buy,2024-09-09,2024-08-02,35,Spouse,21.48,1K-15K
Ro Khanna,Berkshire Hathaway Inc,BRK/B,buy,2024-09-09,2024-08-02,35,Spouse,428.36,1K-15K
Ro Khanna,Mondelez International Inc,MDLZ,buy,2024-09-09,2024-08-02,35,Spouse,70.68,1K-15K
Ro Khanna,Cisco Systems Inc,CSCO,buy,2024-09-09,2024-08-02,35,Spouse,46.66,1K-15K
Ro Khanna,Starbucks Corp,SBUX,buy,2024-09-09,2024-08-02,35,Spouse,75.88,1K-15K
Ro Khanna,Starbucks Corp,SBUX,buy,2024-09-09,2024-08-01,36,Spouse,75.11,1K-15K
Ro Khanna,PayPal Holdings Inc,PYPL,buy,2024-09-09,2024-08-02,35,Spouse,61.98,1K-15K
Ro Khanna,Penn National Gaming Inc,PENN,buy,2024-09-09,2024-08-05,32,Spouse,16.97,1K-15K
Ro Khanna,The Dun & Bradstreet Corp,DNB,buy,2024-09-09,2024-08-16,21,Spouse,11.91,1K-15K
Ro Khanna,Axalta Coating Systems Ltd,AXTA,buy,2024-09-09,2024-08-05,32,Spouse,34.07,1K-15K
Ro Khanna,Cigna Corp,CI,buy,2024-09-09,2024-08-02,35,Spouse,337.33,1K-15K
Ro Khanna,Johnson & Johnson,JNJ,buy,2024-09-09,2024-08-02,35,Spouse,164.14,1K-15K
Ro Khanna,Danaher Corp,DHR,buy,2024-09-09,2024-08-02,35,Spouse,276.75,1K-15K
Ro Khanna,McKesson Corp,MCK,buy,2024-09-09,2024-08-02,35,Spouse,630.38,1K-15K
Ro Khanna,Thermo Fisher Scientific Inc,TMO,buy,2024-09-09,2024-08-02,35,Spouse,615.69,1K-15K
Ro Khanna,Texas Instruments Inc,TXN,buy,2024-09-09,2024-08-02,35,Spouse,187.46,1K-15K
Ro Khanna,Starbucks Corp,SBUX,buy,2024-09-09,2024-08-05,32,Spouse,73.86,1K-15K
Ro Khanna,Parker-Hannifin Corp,PH,buy,2024-09-09,2024-08-02,35,Spouse,518.51,1K-15K
Ro Khanna,Incyte Corp,INCY,buy,2024-09-09,2024-08-02,35,Spouse,64.47,1K-15K
Ro Khanna,U.S. Bancorp,USB,buy,2024-09-09,2024-08-02,35,Spouse,42.35,1K-15K
Ro Khanna,Colgate-Palmolive Co,CL,buy,2024-09-09,2024-08-02,35,Spouse,102.81,1K-15K
Ro Khanna,3M Co,MMM,buy,2024-09-09,2024-08-02,35,Spouse,125.24,1K-15K
Ro Khanna,The Kroger Co,KR,buy,2024-09-09,2024-08-02,35,Spouse,54.33,1K-15K
Ro Khanna,Cencora Inc,COR,buy,2024-09-09,2024-08-02,35,Spouse,247.57,1K-15K
Ro Khanna,Norfolk Southern Corp,NSC,buy,2024-09-09,2024-08-02,35,Spouse,243.41,1K-15K
Ro Khanna,Becton Dickinson and Co,BDX,buy,2024-09-09,2024-08-02,35,Spouse,241.87,1K-15K
Ro Khanna,Citigroup Inc,C,buy,2024-09-09,2024-08-02,35,Spouse,58.76,1K-15K
Ro Khanna,PACCAR Inc,PCAR,buy,2024-09-09,2024-03-02,188,Spouse,,1K-15K
Ro Khanna,NCR Corp,NCR,buy,2024-09-09,2024-08-08,29,Spouse,11.31,1K-15K
Ro Khanna,Deckers Outdoor Corp,DECK,buy,2024-09-09,2024-08-02,35,Spouse,865.33,1K-15K
Ro Khanna,The Walt Disney Co,DIS,buy,2024-09-09,2024-08-02,35,Spouse,89.57,1K-15K
Ro Khanna,Costco Wholesale Corp,COST,buy,2024-09-09,2024-08-02,35,Spouse,822.08,1K-15K
Ro Khanna,NCR Corp,NCR,buy,2024-09-09,2024-08-06,31,Spouse,11.7,1K-15K
Ro Khanna,The Dun & Bradstreet Corp,DNB,buy,2024-09-09,2024-08-21,16,Spouse,11.99,1K-15K
Ro Khanna,The Dun & Bradstreet Corp,DNB,buy,2024-09-09,2024-08-19,18,Spouse,11.96,1K-15K
Ro Khanna,Molina Healthcare Inc,MOH,buy,2024-09-09,2024-08-02,35,Spouse,350.9,1K-15K
Ro Khanna,Visa Inc,V,buy,2024-09-09,2024-08-02,35,Spouse,266.58,1K-15K
Ro Khanna,AUTODESK Inc,ADSK,buy,2024-09-09,2024-08-02,35,Spouse,231.37,1K-15K
Ro Khanna,ANSYS Inc,ANSS,buy,2024-09-09,2024-08-02,35,Spouse,302.22,1K-15K
Ro Khanna,T-Mobile US Inc,TMUS,buy,2024-09-09,2024-08-02,35,Spouse,188.76,1K-15K
Ro Khanna,Centene Corp,CNC,buy,2024-09-09,2024-08-02,35,Spouse,78.09,1K-15K
Ro Khanna,Airbnb Inc,ABNB,buy,2024-09-09,2024-08-02,35,Spouse,128.23,1K-15K
Ro Khanna,MSCI Inc,MSCI,buy,2024-09-09,2024-08-02,35,Spouse,539.85,1K-15K
Ro Khanna,D.R. Horton Inc,DHI,buy,2024-09-09,2024-08-02,35,Spouse,177.62,1K-15K
Ro Khanna,VERISK ANALYTICS Inc,VRSK,buy,2024-09-09,2024-08-02,35,Spouse,266.66,1K-15K
Ro Khanna,Vulcan Materials Co,VMC,buy,2024-09-09,2024-08-02,35,Spouse,266.34,1K-15K
Ro Khanna,Keurig Dr Pepper Inc,KDP,buy,2024-09-09,2024-08-02,35,Spouse,35.07,1K-15K
Ro Khanna,Ingersoll Rand Inc,IR,buy,2024-09-09,2024-08-02,35,Spouse,87.42,1K-15K
Ro Khanna,Comcast Corp,CMCSA,buy,2024-09-09,2024-08-02,35,Spouse,39.9,1K-15K
Ro Khanna,Lennar Corp,LEN,buy,2024-09-09,2024-08-02,35,Spouse,174.46,1K-15K
Ro Khanna,PTC Inc,PTC,buy,2024-09-09,2024-08-02,35,Spouse,172.05,1K-15K
Ro Khanna,CF Industries Holdings Inc,CF,buy,2024-09-09,2024-08-02,35,Spouse,73.22,1K-15K
Ro Khanna,Hasbro Inc,HAS,buy,2024-09-09,2024-08-02,35,Spouse,63.46,1K-15K
Ro Khanna,Cardinal Health Inc,CAH,buy,2024-09-09,2024-08-02,35,Spouse,101.6,1K-15K
Ro Khanna,The Kraft Heinz Co,KHC,buy,2024-09-09,2024-08-02,35,Spouse,,1K-15K
Ro Khanna,eBay Inc,EBAY,buy,2024-09-09,2024-08-02,35,Spouse,56.2,1K-15K
Ro Khanna,Freeport-McMoRan Inc,FCX,buy,2024-09-09,2024-08-02,35,Spouse,41.97,1K-15K
Ro Khanna,Viatris Inc,VTRS,buy,2024-09-09,2024-08-02,35,Spouse,11.87,1K-15K
Ro Khanna,PPG Industries Inc,PPG,buy,2024-09-09,2024-08-02,35,Spouse,123.46,1K-15K
Ro Khanna,Intuit Inc,INTU,buy,2024-09-09,2024-08-02,35,Spouse,623.92,1K-15K
Ro Khanna,Las Vegas Sands Corp,LVS,buy,2024-09-09,2024-03-02,188,Spouse,,1K-15K
Ro Khanna,Ralph Lauren Corp,RL,buy,2024-09-09,2024-08-02,35,Spouse,164.4,1K-15K
Ro Khanna,Fortive Corp,FTV,buy,2024-09-09,2024-08-02,35,Spouse,68.44,1K-15K
Ro Khanna,The Dun & Bradstreet Corp,DNB,buy,2024-09-09,2024-08-28,9,Spouse,11.94,1K-15K
Ro Khanna,Lowe's Cos Inc,LOW,buy,2024-09-09,2024-08-02,35,Spouse,240.42,1K-15K
Ro Khanna,Iqvia Holdings Inc,IQV,buy,2024-09-09,2024-08-02,35,Spouse,241.78,1K-15K
Ro Khanna,AKAMAI TECHNOLOGIES Inc,AKAM,buy,2024-09-09,2024-08-02,35,Spouse,94.56,1K-15K
Ro Khanna,Ecolab Inc,ECL,buy,2024-09-09,2024-08-02,35,Spouse,237.2,1K-15K
Ro Khanna,NXP Semiconductors NV,NXPI,buy,2024-09-09,2024-08-02,35,Spouse,237.75,1K-15K
Ro Khanna,Etsy Inc,ETSY,buy,2024-09-09,2024-08-02,35,Spouse,59.35,1K-15K
Ro Khanna,Dow Inc,DOW,buy,2024-09-09,2024-08-02,35,Spouse,52.01,1K-15K
Ro Khanna,ServiceNow Inc,NOW,buy,2024-09-09,2024-08-02,35,Spouse,790.64,1K-15K
Ro Khanna,Copart Inc,CPRT,buy,2024-09-09,2024-08-02,35,Spouse,51.73,1K-15K
Ro Khanna,Westinghouse Air Brake Technologies Corp,WAB,buy,2024-09-09,2024-08-02,35,Spouse,153.14,1K-15K
Ro Khanna,Micron Technology Inc,MU,buy,2024-09-09,2024-08-06,31,Spouse,89.0,1K-15K
Ro Khanna,Digital Realty Trust Inc,DLR,buy,2024-09-09,2024-08-02,35,Spouse,150.84,1K-15K
Ro Khanna,KKR & Co Inc,KKR,buy,2024-09-09,2024-08-02,35,Spouse,108.62,1K-15K
Ro Khanna,Electronic Arts Inc,EA,buy,2024-09-09,2024-08-02,35,Spouse,148.83,1K-15K
Ro Khanna,Take-Two Interactive Software Inc,TTWO,buy,2024-09-09,2024-08-02,35,Spouse,143.68,1K-15K
Ro Khanna,CDW Corp,CDW,buy,2024-09-09,2024-03-02,188,Spouse,,1K-15K
Ro Khanna,Avery Dennison Corp,AVY,buy,2024-09-09,2024-08-02,35,Spouse,210.38,1K-15K
Ro Khanna,Biogen Inc,BIIB,buy,2024-09-09,2024-08-02,35,Spouse,205.66,1K-15K
Ro Khanna,Pool Corp,POOL,buy,2024-09-09,2024-08-02,35,Spouse,353.39,1K-15K
Ro Khanna,KENVUE INC,KVUE,buy,2024-09-09,2024-08-02,35,Spouse,18.82,1K-15K
Ro Khanna,Cadence Design Systems Inc,CDNS,buy,2024-09-09,2024-08-02,35,Spouse,249.63,1K-15K
Ro Khanna,Elanco Animal Health Inc,ELAN,buy,2024-09-09,2024-08-09,28,Spouse,13.04,1K-15K
Ro Khanna,NCR Corp,NCR,buy,2024-09-09,2024-08-05,32,Spouse,12.5,1K-15K
Ro Khanna,CBOE MINI SPX INDEX,XSP,sell,2024-09-09,2024-08-08,29,Spouse,,1K-15K
Ro Khanna,CBOE MINI SPX INDEX,XSP,sell,2024-09-09,2024-08-08,29,Spouse,,1K-15K
Ro Khanna,CBOE MINI SPX INDEX,XSP,sell,2024-09-09,2024-08-20,17,Spouse,,1K-15K
Ro Khanna,CBOE MINI SPX INDEX,XSP,sell,2024-09-09,2024-08-30,7,Spouse,,1K-15K
Ro Khanna,CBOE MINI SPX INDEX,XSP,sell,2024-09-09,2024-08-14,23,Spouse,,1K-15K
Ro Khanna,CBOE MINI SPX INDEX,XSP,sell,2024-09-09,2024-08-26,11,Spouse,,1K-15K
Ro Khanna,Amgen Inc,AMGN,sell,2024-09-09,2024-08-02,35,Spouse,333.99,15K-50K
Ro Khanna,International Business Machines Corp,IBM,sell,2024-09-09,2024-08-02,35,Spouse,189.12,15K-50K
Ro Khanna,Roper Technologies Inc,ROP,sell,2024-09-09,2024-08-02,35,Spouse,536.03,15K-50K
Ro Khanna,Vertex Pharmaceuticals Inc,VRTX,sell,2024-09-09,2024-08-02,35,Spouse,494.46,15K-50K
Ro Khanna,Automatic Data Processing Inc,ADP,sell,2024-09-09,2024-08-02,35,Spouse,263.52,15K-50K
Ro Khanna,Nike Inc,NKE,sell,2024-09-09,2024-08-02,35,Spouse,74.01,1K-15K
Ro Khanna,Regeneron Pharmaceuticals Inc,REGN,sell,2024-09-09,2024-08-02,35,Spouse,"1,082.19",1K-15K
